"SAMPLEID","INDEX_NAME","INDEX_CLASS","ni_total","pi_Cott","pi_nonnative","nt_total","nt_native","nt_nonnative","nt_natLeuc","pt_topcarn","pi_dom01","pi_dom02","nt_BCG_att123","nt_BCG2_att1234b","nt_BCG_att2","nt_BCG_att6t","pi_BCG_att123","pi_BCG_att6t","nt_ti_warm","pi_ti_cold","pi_ti_warm","pt_ti_cold","nt_repro_lithophil","d_ac_yoy_Cott","d_ac_yoy_rbt","n_ac_Cott","n_ac_rbt","n_ac_mwf","x_Obs_CatoRhin"
"09a390a6-3119-4a82-90e0-7a7b43b767e5","LBR_Fish_BCG_v1","Main_Eckert",326,81.5950920245399,1.53374233128834,9,8,1,2,22.2222222222222,73.6196319018405,81.5950920245399,3,5,1,0,86.8098159509202,0,0,88.3435582822086,0,44.4444444444444,6,1,1,4,4,4,2
"239135f6-152c-4f94-81d1-cd9e7bfc2106","LBR_Fish_BCG_v1","Main_SoChannel",276,8.69565217391304,0.72463768115942,9,8,1,2,22.2222222222222,58.3333333333333,72.8260869565217,3,6,1,0,21.0144927536232,0,0,21.7391304347826,0,44.4444444444444,6,1,1,3,4,8,2
"46a1e042-6cfe-4e7a-ad1a-e284feef8c33","LBR_Fish_BCG_v1","Main_SoChannel",56,1.78571428571429,5.35714285714286,4,3,1,0,50,58.9285714285714,92.8571428571429,2,3,0,0,92.8571428571429,0,0,98.2142857142857,0,75,3,0,1,1,4,8,0
"4ab57043-badf-4bea-bb8f-4123a2d4a16d","LBR_Fish_BCG_v1","Main_NotusParma",66,0,80.3030303030303,10,2,8,0,50,28.7878787878788,46.969696969697,0,1,0,4,0,24.2424242424242,7,0,51.5151515151515,0,0,0,0,0,0,0,1
"5b16748e-84a3-494d-8e0c-a2695ce56c2c","LBR_Fish_BCG_v1","Main_NotusParma",41,0,90.2439024390244,9,2,7,0,44.4444444444444,41.4634146341463,68.2926829268293,1,1,0,3,2.4390243902439,46.3414634146341,6,2.4390243902439,63.4146341463415,11.1111111111111,0,0,0,0,0,1,1
"6126b9b7-3511-42ee-acff-1f0f2be4f836","LBR_Fish_BCG_v1","Main_VetGlen",146,21.9178082191781,2.05479452054795,11,9,2,2,18.1818181818182,23.2876712328767,41.0958904109589,3,6,1,0,50,0,0,51.3698630136986,0,36.3636363636364,6,1,1,3,5,6,2
"7b637f2e-1057-4a85-90fa-a676bee7d8b2","LBR_Fish_BCG_v1","Main_Middleton",144,0,2.77777777777778,12,10,2,5,25,39.5833333333333,56.9444444444444,2,5,0,1,8.33333333333333,2.08333333333333,2,8.33333333333333,2.77777777777778,16.6666666666667,4,0,1,0,2,6,2
"92861508-db6f-4890-b2ca-183041768c91","LBR_Fish_BCG_v1","Main_BarberPool",496,77.0161290322581,0.403225806451613,7,6,1,1,28.5714285714286,74.1935483870968,83.2661290322581,3,4,1,1,87.7016129032258,0.403225806451613,1,87.7016129032258,0.403225806451613,42.8571428571429,4,1,1,3,5,5,2
"BRCald1997","LBR_Fish_BCG_v1","Main_Middleton",198,0,3.03030303030303,7,5,2,2,14.2857142857143,58.5858585858586,75.2525252525252,1,1,0,1,2.52525252525253,2.52525252525253,2,2.52525252525253,3.03030303030303,14.2857142857143,1,0,0,0,0,2,1
"BRCald2005","LBR_Fish_BCG_v1","Main_Middleton",131,0,11.4503816793893,5,3,2,1,20,52.6717557251908,87.7862595419847,1,1,0,2,52.6717557251908,11.4503816793893,2,52.6717557251908,11.4503816793893,20,0,0,0,0,0,7,1
"BREck2003","LBR_Fish_BCG_v1","Main_Eckert",837,76.8219832735962,0.2389486260454,11,10,1,3,27.2727272727273,72.8793309438471,84.468339307049,3,4,1,0,92.831541218638,0,0,93.0704898446834,0,36.3636363636364,6,1,1,5,5,9,2
"BREck2005","LBR_Fish_BCG_v1","Main_Eckert",314,45.859872611465,1.59235668789809,8,7,1,2,37.5,45.859872611465,76.4331210191083,3,3,1,0,90.4458598726115,0,0,92.0382165605096,0,50,4,1,1,3,5,4,1
"BREck2011","LBR_Fish_BCG_v1","Main_Eckert",524,66.793893129771,0.381679389312977,9,8,1,2,44.4444444444444,52.8625954198473,73.6641221374046,4,6,1,0,89.6946564885496,0,0,90.0763358778626,0,55.5555555555556,6,1,1,5,5,8,2
"BREck2014","LBR_Fish_BCG_v1","Main_Eckert",449,42.0935412026726,1.33630289532294,9,8,1,2,33.3333333333333,37.8619153674833,73.2739420935412,3,5,1,0,89.9777282850779,0,0,91.3140311804009,0,44.4444444444444,5,1,1,4,6,9,2
"BREck2017","LBR_Fish_BCG_v1","Main_Eckert",203,60.0985221674877,0.492610837438424,10,9,1,3,30,56.1576354679803,72.9064039408867,3,5,1,0,87.6847290640394,0,0,88.1773399014778,0,40,6,1,1,4,4,6,2
"BRGlen1995","LBR_Fish_BCG_v1","Main_VetGlen",610,0,0.163934426229508,9,8,1,3,22.2222222222222,40.4918032786885,57.2131147540984,2,5,0,0,17.2131147540984,0,0,17.3770491803279,0,33.3333333333333,5,0,1,0,5,8,2
"BRGlen1996","LBR_Fish_BCG_v1","Main_VetGlen",203,2.46305418719212,2.46305418719212,11,10,1,4,27.2727272727273,33.0049261083744,52.7093596059113,3,5,1,0,36.9458128078818,0,0,39.4088669950739,0,36.3636363636364,6,1,1,1,4,8,2
"BRGlen2001","LBR_Fish_BCG_v1","Main_VetGlen",356,7.30337078651685,1.96629213483146,11,9,2,1,27.2727272727273,68.5393258426966,75,3,6,1,0,71.6292134831461,0,1,72.752808988764,0.842696629213483,36.3636363636364,5,1,1,3,3,9,2
"BRGlen2003","LBR_Fish_BCG_v1","Main_VetGlen",272,9.55882352941176,2.20588235294118,12,10,2,2,33.3333333333333,48.8970588235294,70.2205882352941,3,6,1,0,52.9411764705882,0,1,54.7794117647059,0.367647058823529,33.3333333333333,5,1,1,3,4,7,2
"BRGlen2004","LBR_Fish_BCG_v1","Main_VetGlen",149,0,7.38255033557047,11,8,3,4,36.3636363636364,39.5973154362416,55.7046979865772,2,3,0,1,20.1342281879195,0.671140939597315,2,26.1744966442953,1.34228187919463,27.2727272727273,5,0,1,0,3,3,2
"BRGlen2005","LBR_Fish_BCG_v1","Main_VetGlen",248,0.403225806451613,2.41935483870968,10,9,1,2,40,63.7096774193548,80.241935483871,3,5,0,0,75.4032258064516,0,0,77.8225806451613,0,40,5,0,1,1,3,7,2
"BRGlen2014","LBR_Fish_BCG_v1","Main_VetGlen",391,34.5268542199489,0.255754475703325,11,10,1,4,27.2727272727273,33.5038363171356,52.9411764705882,3,6,1,0,63.9386189258312,0,0,64.1943734015345,0,36.3636363636364,7,1,1,4,6,6,2
"BRGlen2017","LBR_Fish_BCG_v1","Main_VetGlen",172,30.2325581395349,1.74418604651163,10,9,1,3,20,34.8837209302326,57.5581395348837,3,5,1,0,63.953488372093,0,0,65.6976744186046,0,40,7,1,1,2,3,5,2
"BRLogCrk1996","LBR_Fish_BCG_v1","Main_Eckert",238,49.5798319327731,1.26050420168067,7,6,1,2,28.5714285714286,38.6554621848739,65.9663865546218,3,4,1,0,69.7478991596639,0,0,71.0084033613445,0,57.1428571428571,5,1,1,1,4,4,1
"BRMiddl1996","LBR_Fish_BCG_v1","Main_Middleton",267,0,11.9850187265918,9,7,2,2,22.2222222222222,40.4494382022472,67.0411985018727,2,4,0,1,40.8239700374532,11.6104868913858,2,40.8239700374532,11.9850187265918,22.2222222222222,2,0,0,0,1,8,2
"BRMiddl1997","LBR_Fish_BCG_v1","Main_Middleton",965,0,1.6580310880829,13,9,4,5,38.4615384615385,36.7875647668394,51.8134715025907,2,3,0,1,3.10880829015544,0.518134715025907,3,3.10880829015544,1.55440414507772,15.3846153846154,4,0,0,0,1,5,2
"BRMiddl2005","LBR_Fish_BCG_v1","Main_Middleton",178,0,3.93258426966292,7,5,2,1,28.5714285714286,50.561797752809,80.3370786516854,2,2,0,2,51.123595505618,3.93258426966292,2,51.123595505618,3.93258426966292,28.5714285714286,1,0,0,0,0,5,1
"BRMiddl2011","LBR_Fish_BCG_v1","Main_Middleton",314,0,3.82165605095541,14,11,3,6,28.5714285714286,34.3949044585987,63.0573248407643,2,5,0,1,36.3057324840764,0.318471337579618,2,36.9426751592357,3.18471337579618,21.4285714285714,6,0,0,0,2,9,2
"BRMiddl2017","LBR_Fish_BCG_v1","Main_Middleton",483,0,2.48447204968944,12,9,3,6,33.3333333333333,69.3581780538302,80.9523809523809,2,4,0,2,12.2153209109731,2.27743271221532,3,12.2153209109731,2.48447204968944,16.6666666666667,5,0,0,0,2,8,2
"BRNotus2005","LBR_Fish_BCG_v1","Main_NotusParma",56,0,10.7142857142857,5,4,1,0,20,71.4285714285714,85.7142857142857,2,2,0,1,16.0714285714286,10.7142857142857,1,16.0714285714286,10.7142857142857,40,1,0,1,0,1,4,1
"BRParm1996","LBR_Fish_BCG_v1","Main_NotusParma",136,0,4.41176470588235,6,4,2,1,16.6666666666667,43.3823529411765,77.9411764705882,1,2,0,1,7.35294117647059,2.20588235294118,2,7.35294117647059,4.41176470588235,16.6666666666667,1,0,0,0,0,4,2
"BRParm1997","LBR_Fish_BCG_v1","Main_NotusParma",143,0,33.5664335664336,12,5,7,2,33.3333333333333,42.6573426573427,59.4405594405594,1,1,0,2,2.7972027972028,5.59440559440559,4,2.7972027972028,9.79020979020979,8.33333333333333,1,0,0,0,0,2,1
"BRParm2005","LBR_Fish_BCG_v1","Main_NotusParma",25,0,36,7,5,2,0,28.5714285714286,32,56,2,3,0,1,20,32,2,20,36,28.5714285714286,1,0,0,0,1,3,1
"BRParm2011","LBR_Fish_BCG_v1","Main_NotusParma",329,0,8.51063829787234,15,8,7,4,33.3333333333333,30.0911854103343,55.6231003039514,1,3,0,3,3.34346504559271,2.73556231003039,6,3.34346504559271,7.59878419452887,6.66666666666667,2,0,0,0,0,2,2
"BRParm2017","LBR_Fish_BCG_v1","Main_NotusParma",133,0,24.0601503759398,10,6,4,3,10,48.1203007518797,59.3984962406015,1,4,0,3,6.76691729323308,12.781954887218,3,6.76691729323308,12.781954887218,10,3,0,0,0,0,2,2
"BRSouthChan1995","LBR_Fish_BCG_v1","Main_SoChannel",338,0,0,10,10,0,5,20,36.094674556213,55.6213017751479,2,4,0,0,44.6745562130178,0,0,44.6745562130178,0,20,4,0,0,0,3,7,2
"BRSouthChan1996","LBR_Fish_BCG_v1","Main_SoChannel",301,0,2.32558139534884,8,6,2,1,50,73.421926910299,87.7076411960133,2,2,0,0,87.7076411960133,0,0,89.7009966777409,0,37.5,2,0,1,0,4,7,1
"BRSouthChan2003","LBR_Fish_BCG_v1","Main_SoChannel",195,0,3.07692307692308,9,7,2,1,55.5555555555556,44.1025641025641,74.8717948717949,3,3,0,0,75.3846153846154,0,1,77.9487179487179,0.512820512820513,44.4444444444444,3,0,1,0,5,7,1
"BRSouthChan2005","LBR_Fish_BCG_v1","Main_SoChannel",429,0.233100233100233,5.82750582750583,8,6,2,1,50,44.988344988345,67.5990675990676,3,5,0,0,85.7808857808858,0,0,89.7435897435897,0,50,5,0,1,1,5,7,2
"BRSouthChan2017","LBR_Fish_BCG_v1","Main_SoChannel",103,23.3009708737864,4.85436893203883,9,5,4,1,44.4444444444444,33.9805825242718,57.2815533980583,2,4,0,1,47.5728155339806,0.970873786407767,3,48.5436893203884,3.88349514563107,33.3333333333333,4,1,1,3,5,5,2
"BRVetMem1995","LBR_Fish_BCG_v1","Main_VetGlen",557,28.0071813285458,0,11,11,0,4,18.1818181818182,29.2639138240575,48.294434470377,3,7,1,0,50.0897666068223,0,0,50.0897666068223,0,27.2727272727273,6,1,1,1,4,8,2
"BRVetMem1996","LBR_Fish_BCG_v1","Main_VetGlen",315,0.634920634920635,1.26984126984127,8,6,2,1,37.5,57.4603174603175,80.3174603174603,2,3,0,1,60,0.317460317460317,1,60.9523809523809,0.317460317460317,37.5,3,1,0,2,2,8,1
"BRVetMem2003","LBR_Fish_BCG_v1","Main_VetGlen",486,44.0329218106996,2.67489711934156,11,10,1,3,27.2727272727273,36.0082304526749,55.1440329218107,3,4,1,0,73.6625514403292,0,0,76.3374485596708,0,36.3636363636364,6,1,1,3,5,7,2
"BRVetMem2005","LBR_Fish_BCG_v1","Main_VetGlen",397,30.2267002518892,1.25944584382872,11,10,1,2,36.3636363636364,43.5768261964736,70.0251889168766,4,5,1,0,76.0705289672544,0,0,77.3299748110831,0,45.4545454545455,6,1,1,4,5,8,2
"BRVetMem2017","LBR_Fish_BCG_v1","Main_VetGlen",147,17.0068027210884,3.40136054421769,12,10,2,4,25,25.1700680272109,45.578231292517,3,6,1,0,40.1360544217687,0,0,42.8571428571429,0,33.3333333333333,8,1,1,4,3,2,2
"BRupstWB1995","LBR_Fish_BCG_v1","Main_SoChannel",332,0,3.01204819277108,8,6,2,2,37.5,81.6265060240964,94.2771084337349,2,3,0,1,94.2771084337349,2.10843373493976,1,95.1807228915663,2.10843373493976,37.5,3,0,1,0,5,8,2
"BRupstWB1996","LBR_Fish_BCG_v1","Main_SoChannel",293,0,9.21501706484642,6,4,2,0,50,73.037542662116,84.3003412969283,2,2,0,0,76.1092150170648,0,1,76.7918088737201,8.53242320819113,50,2,0,1,0,4,8,1
"BRupstWB2003","LBR_Fish_BCG_v1","Main_SoChannel",658,0,3.34346504559271,10,8,2,2,40,67.7811550151976,84.9544072948328,2,4,0,0,84.9544072948328,0,1,87.6899696048632,0.60790273556231,30,3,0,1,0,5,8,2
"BRupstWB2017","LBR_Fish_BCG_v1","Main_SoChannel",112,8.92857142857143,3.57142857142857,8,6,2,2,37.5,44.6428571428571,60.7142857142857,2,4,0,0,54.4642857142857,0,0,57.1428571428571,0,37.5,5,1,1,1,4,6,2
"c114e631-92cb-4abf-b6ea-033087bf9976","LBR_Fish_BCG_v1","Main_VetGlen",147,49.6598639455782,0.680272108843537,12,11,1,4,25,46.2585034013605,63.265306122449,3,6,1,0,67.3469387755102,0,0,68.0272108843537,0,33.3333333333333,7,1,1,3,4,7,2
"cf1764a0-4741-4b76-ba53-afd859933eac","LBR_Fish_BCG_v1","Main_VetGlen",151,36.4238410596027,0.662251655629139,8,7,1,2,25,33.112582781457,56.2913907284768,3,5,1,0,60.2649006622517,0,0,60.9271523178808,0,50,6,1,1,3,3,6,2
"d431fc87-f222-499f-90cc-d7a26a249ad1","LBR_Fish_BCG_v1","Main_VetGlen",116,16.3793103448276,1.72413793103448,11,9,2,4,18.1818181818182,42.2413793103448,56.8965517241379,3,6,1,1,28.448275862069,0.862068965517241,1,29.3103448275862,0.862068965517241,36.3636363636364,8,1,1,3,5,3,2
"d4f42475-7110-4ef6-bc63-33b82f0712cf","LBR_Fish_BCG_v1","Main_Eckert",76,46.0526315789474,2.63157894736842,8,7,1,2,25,34.2105263157895,55.2631578947368,3,4,1,0,75,0,0,43.4210526315789,0,50,6,1,1,3,5,3,2
"d9a2f57f-d705-4b59-adb9-a265242a28da","LBR_Fish_BCG_v1","Main_Middleton",144,0,4.86111111111111,12,8,4,4,33.3333333333333,29.8611111111111,59.7222222222222,2,4,0,2,30.5555555555556,2.08333333333333,3,31.9444444444444,3.47222222222222,25,4,0,0,0,1,7,2
"e081294e-0e46-4b4d-becb-8db4910fab7e","LBR_Fish_BCG_v1","Main_SoChannel",70,7.14285714285714,4.28571428571429,9,8,1,4,33.3333333333333,34.2857142857143,65.7142857142857,2,5,0,0,35.7142857142857,0,0,40,0,33.3333333333333,6,1,1,2,1,5,2
"e30ce930-9753-439b-9aea-6e2c97268482","LBR_Fish_BCG_v1","Main_BarberPool",473,61.5221987315011,0.422832980972516,10,8,2,2,20,60.0422832980973,78.6469344608879,4,5,1,0,93.8689217758985,0,0,93.8689217758985,0,40,6,1,1,4,5,7,2
"eda15134-49a2-4d77-9191-ebd1876acccd","LBR_Fish_BCG_v1","Main_SoChannel",48,25,2.08333333333333,7,6,1,1,28.5714285714286,25,50,2,5,0,0,50,0,0,52.0833333333333,0,42.8571428571429,4,1,1,3,6,4,2
"f9c06310-4a52-4d24-b9cf-e57497da794f","LBR_Fish_BCG_v1","Main_SoChannel",95,6.31578947368421,5.26315789473684,10,7,3,1,30,45.2631578947368,66.3157894736842,3,5,1,0,67.3684210526316,0,1,69.4736842105263,2.10526315789474,40,5,1,1,2,5,8,2
"fe6b180a-ec70-417f-b7a5-4ac38018636a","LBR_Fish_BCG_v1","Main_VetGlen",386,38.6010362694301,0.259067357512953,12,11,1,4,25,36.7875647668394,57.2538860103627,3,6,1,0,47.9274611398964,0,0,48.1865284974093,0,33.3333333333333,7,1,1,3,4,5,2
